// ps denotes persistent scheduling, not page size. page_size=0 keeps the legacy dispatch.
// kv_shuffled=1 denotes 16-token x 16-dimension tiles in separate NoPE/RoPE planes.
// It uses mla_ps64_qh128_fp8_asm_fwd and its 88-byte ABI. Its lse=0 row
// supports both O-only and optional FP32 LSE through a nullable LSE pointer.
qType,kvType,Gqa,ps,qSeqLen,prefill,causal,lse,page_size,kv_shuffled,knl_name,co_name
fp8,fp8,8,0,1,0,0,0,0,0,_ZN5aiter32mla_a8w8_qh8_1tg_8mx1_32nx4_np_3pE,mla_a8w8_qh8_1tg_8mx1_32nx4_np_3p.co
fp8,fp8,8,0,2,0,0,0,0,0,_ZN5aiter32mla_a8w8_qh8_1tg_8mx2_32nx4_np_3pE,mla_a8w8_qh8_1tg_8mx2_32nx4_np_3p.co
fp8,fp8,8,0,3,0,0,0,0,0,_ZN5aiter32mla_a8w8_qh8_1tg_8mx3_32nx4_np_3pE,mla_a8w8_qh8_1tg_8mx3_32nx4_np_3p.co
fp8,fp8,8,0,4,0,0,0,0,0,_ZN5aiter32mla_a8w8_qh8_1tg_8mx4_32nx4_np_3pE,mla_a8w8_qh8_1tg_8mx4_32nx4_np_3p.co
fp8,fp8,16,0,1,0,0,0,0,0,_ZN5aiter34mla_a8w8_qh16_1tg_16mx1_32nx4_np_3pE,mla_a8w8_qh16_1tg_16mx1_32nx4_np_3p.co
fp8,fp8,16,0,2,0,0,0,0,0,_ZN5aiter34mla_a8w8_qh16_1tg_16mx2_32nx4_np_3pE,mla_a8w8_qh16_1tg_16mx2_32nx4_np_3p.co
fp8,fp8,32,0,1,0,0,0,0,0,_ZN5aiter34mla_a8w8_qh32_1tg_32mx1_32nx4_np_3pE,mla_a8w8_qh32_1tg_32mx1_32nx4_np_3p.co
fp8,fp8,16,0,4,0,0,0,0,0,_ZN5aiter31mla_a8w8_qh16_1tg_16mx4_64nx1_npE,mla_a8w8_qh16_1tg_16mx4_64nx1_np.co
fp8,fp8,64,0,1,0,0,0,0,0,_ZN5aiter31mla_a8w8_qh64_1tg_16mx4_64nx1_npE,mla_a8w8_qh64_1tg_16mx4_64nx1_np.co
fp8,fp8,128,0,1,0,0,0,0,0,_ZN5aiter32mla_a8w8_qh128_1tg_16mx4_64nx1_npE,mla_a8w8_qh128_1tg_16mx4_64nx1_np.co
fp8,fp8,128,0,1,0,0,0,64,1,_ZN5aiter35mla_a8w8_qh128_1tg_16mx8_64nx1_ps64E,mla_a8w8_qh128_1tg_16mx8_64nx1_ps64.co
